{"LocaleValue":"zh-CN","HomepageWelcomeAppBar":"欢迎登入","HomepageGreetTo":"您好","HomepagelaunchingPromoTitle":"迎宾促销","HomepageupcomingEventsTitle":"来日活动","HomepagepastRitualHighlightsTitle":"过往法会精选","HomepageintroducingMingLiChannelsTitle":"特别推介【命理频道】","HomepagemoreEpisodersTitle":"更多集数","HomepagegoToChannelButton":"进入频道","HomepageHome":"主页","InboxNowliveTitle":"现在观看！","InboxLivein1hourtimeTitle":"1小时后将直播！","InboxItsTmrTitle":"就是明天！","InboxDonationSuccessfulTitle":"您已成功布施,到此领取好礼","InboxSignUpTitle":"谢谢您注册报名","InboxWelcomingVoucherCodeTitle":"这是您的迎宾优惠码","InboxItemPaidSuccessful":"商品付费成功！","InboxShipped":"已发货","InboxPaymentSuccess":"付费成功","InboxPaymentUnsuccessful":"付款失败","InboxItemShipped":"货品已发送！","InboxItemSuccessDelivery":"货品已发送给您！","InboxItemCancelledOrder":"您已取消订单","EventListingLiveWatchNowTitle":"現在觀看！","EventListingWatchNowDescription":"您被邀请参加我们的线上免费祈福","EventListingLiveIcon":"直播","EventListingSeeUpcomingEventTitle":"浏览来日活动","EventListingUpcoming":"即将举行","EventListingEarlyBirdRegistration":"现在注册可享早鸟价","EventListingPastRitualsHighlights":"已往法会精选","EventListingEnded":"已结束","EventListingSeeAllPastRituals":"浏览所有过往法会","EventListingEvents":"活动","EventPageAboutTheBlessing":"关于祈福","EventPageWatchLiveNowButton":"观看直播","EventPageExpand":"展开","EventPageMeetYourHost":"观看更多大师直播","EventPageHighlights":"精华","EventPageViewAll":"浏览全部","EventPageBlessingPackages":"祈福配套","EventPageReadMoreAboutTheEvent":"阅读更多活动详情","EventPageShowLess":"收起","EventInfoPageAbout":"关于","EventBroadcasterListHosts":"大师","EventBroadcasterListBroadcasters":"广播员","EventPageEventnRituals":"活動和儀式","EventPagePast":"已过","EventPagePastHighlights":"过往精彩重点","EventPagePopularOrganizers":"人气主办方","EventPageJustEnded":"刚刚结束","EventPageOngoingDonations":"进行中布施活动","EventPageDonate":"布施","EventPageFavouriteBlessings":"我喜欢的祈福活动","EventPageViewEventSummary":"观看活动概览","EventPageEventSummary":"活动概览","EventPageReportTotalRegistration":"注册人数","EventPageReportPeople":"{people} 人","EventPageReportTotalPurchased":"消费人数","EventPageReportCirclePeople":"{people} 人","EventPageReportTotalWebEngagement":"网站互动次数","EventPageReportTotalMobileEngagement":"移动设备互动次数","MLTVTrending":"热搜中","MLTVOurProgrammes":"我们的节目","MLTVEpisode":"第{Episode}集","MLTVDaysAgo":"{days}天前","MLTVProgramme":"节目","MLTVAbout":"关于","MLTVAllEpisodes":"全部集数","MLTVNew":"新推出","MLTVWeek":"{Start}_{End},{StartTime}_{EndTime} {Period}","EventPageUpcomingUpcomingBroadcast":"即将直播","EventPageUpcomingBroadcastNow":"现在直播","EventPageUpcomingUpcoming":"即将举行","EventPageUpcomingRegisterforFreeNow":"现可免费注册","EventPageUpcomingExtraOffer":"额外{percent}%折扣（早鸟优惠）","EventPageUpcomingPackageContent":"一旦购买你可获得","EventPageUpcomingETD":"预计运送天数","EventPageUpcomingPurchase":"下单","EventPageUpcomingFOC":"免费","EventPageUpcomingPeopleContributed":"{people}人已下单","LoginPageLogin":"登入","LoginPageLoginwithemail":"电邮登入","LoginPageLoginwithPhone":"手机登入","LoginPageMobileNo":"手机号码","LoginPagePassword":"您的密码","LoginPageLoginButton":"现在开始","LoginPageOtherOptions":"其他选项","LoginPageForgotPassword":"忘记密码","LoginPageSignUp":"还未成为会员？现在注册","LoginPageLoginOption":"其他登入方法","LoginPageLoginwithFacebook":"Facebook登入","LoginPageLoginwithGoogle":"Google登入","LoginPageLoginwithEmail":"电邮登入","LoginPageCreateNewAccount":"电邮登入","LoginPageTnC":"注册新账号，表示您同意我们的使用条款及隐私保护政策","LoginPageCreateAccountTitle":"注册新账号","LoginPageContinuewithMobileNo":"透过手机","LoginPageContinuewithEmail":"透过电邮","SignUpPageTitle":"注册","SignUpPageDescription":"全部栏目必须填写","SignUpPageFullName":"姓名","SignUpPagePhoneNumber":"电话号码","SignUpPagePassword":"设置登入密码","SignUpPageRe_password":"再度输入密码","SignUpPageTnC":"注册新账号，表示您同意我们的使用条款及隐私保护政策","SignUpPageSignUp":"注册","SignUpPagePasswordLimit":"密码不可超过8个字符","ForgotPasswordForgotPasswordPageTitle":"忘记密码","ForgotPasswordVerifyDescription":"首先，须要认证这是您本人","ForgotPasswordEmailAddress":"电邮","ForgotPasswordPhoneNumber":"手机号码","ForgotPasswordConfirm":"下一步","ForgotPasswordNewPassword":"全新密码","ForgotPasswordNewRe_password":"再度输入全新密码","ForgotPasswordResetNow":"现在重新设置","ForgotPasswordSwapMobile":"改用手机号码","ForgotPasswordSwapEmailAddress":"改用电邮","ForgotPasswordResetDescription":"您现在可设置您的密码","ForgotPasswordPasswordDismatch":"密码互不吻合,密码不可少于8个字符","SignUpOTPPageTitle":"请输入6位数验证码","SignUpOTPPageDescription":"发送至{countrycode}{number}","SignUpOTPPageSignUp":"下一步","SignUpOTPPageResendOTP":"仍未收到？","SignUpOTPPageResendOTPsecond":"请在0.22秒后要求发送新的验证码","SignUpActivationCodePageTitle":"请输入您的启动码","SignUpActivationCodePageDescription":"启动码已电邮至您的电子邮箱","ResetSuccessfulInfoTitle":"成功设置","ResetSuccessfulInfoDescription":"您现在可登入","ResetSuccessfulInfoButtonContent":"好","ResetUnsuccessfulInfoTitle":"重新设置失败","ResetUnsuccessfulInfoDescription":"问题出现，请稍后再重试","ResetUnsuccessfulInfoButtonContent":"好","ResetLoginInvalidInfoTitle":"登入无效","ResetLoginInvalidInfoDescription":"密码或手机号码无效","ResetLoginInvalidInfoButtonContent":"好","ResetLogoutInfoTitle":"您确定要登出吗？","ResetLogoutInfoYesButton":"是","ResetLogoutInfoCancelButton":"否","SuccessSignUpOrChangePasswordPageTitle":"您现在已登入","SuccessSignUpOrChangePasswordPageDescription":"欢迎，祝您浏览愉快！","SuccessSignUpOrChangePasswordPageButtonDescription":"前进","ConsultationPageTitle":"咨询","ConsultationPageBannerButton":"了解更多","ConsultationPageFeatureService":"主打服务","ConsultationPageGlobalFeatured":"全球精选","ConsultationPageDiscovery":"新发现","ConsultationPageDiscoveryWidgetButton":"阅读更多","ConsultationPageUpcomingEvents":"来日活动","ConsultationPageUpcomingEventsWidgetButton":"先科免费报名","ConsultationPageConsultationIcon":"咨询","ConsultationCategoryPageListingAll":"全部","ConsultationCategoryPageListingRecommendation":"每周推荐","MasterProfilePageTitle":"我","MasterProfilePageHighlights":"精华","MasterProfilePageBookaService":"预订服务","MasterProfilePageMasterBio":"阅读大师档案","MasterProfilePageMyEvents":"我关注的活动","MasterProfilePageEnded":"结束","MasterProfilePageDonate":"布施","MasterProfilePagePopularServices":"热门服务","MasterProfilePageFOC":"免费","MasterProfilePageAllService":"阅读全部","MasterProfilePageRatingnReviews":"评分和评语","MasterProfilePageAllRatingnReviews":"阅读全部","RitualnEventsPageMyLive":"我关注的直播","RitualnEventsPagePastEvents":"过往活动","RitualnEventsPageGotoMarketPlace":"进入购物商城","RitualnEventsPageBestSelling":"热卖商品","RitualnEventsPageFreeShipping":"全球免船运费","RitualnEventsPageJust_in":"上架新品","RitualnEventsPageCategory":"品项分类","RitualnEventsPageDiscount":"新用户获10%折扣","RitualnEventsPageServiceName":"选择子服务","RitualnEventsPageTotalAmount":"总值","RitualnEventsPageMediaTypeVoiceMessages":"与语音系统对话","RitualnEventsPageMediaTypeLiveVideo_chat":"与视讯实时对话","RitualnEventsPageFilltheForm":"填写表格","RitualnEventsPageFormDescription":"此服务接受超过一名祈福者。你可选择或输入数个名字","RitualnEventsPageTypeName":"输入名字","RitualnEventsPageChooseBazi":"填写八字","RitualnEventsPagePrayerFullName":"祈福者姓名","RitualnEventsPageNotification":"您可以稍后填写表格。请先预约您想要的时段，以免向隅。","RitualnEventsPageSavenProceed":"储存并进入下一步","RitualnEventsPageChoosePrayers":"选择祈福者","RitualnEventsPageSelectAll":"全选","RitualnEventsPageManageAddress":"处理我的地址","RitualnEventsPage":"完成","MarketPlacePageMarketplace":"购物商城","MarketPlacePageFeaturedCategory":"推荐品项","MarketPlacePageSellerType":"卖家类型","MarketPlacePageFromMaster":"大师","MarketPlacePageFromTemplate":"庙宇","ProductPageShipfrom":"船运自","ProductPageCondition":"状态","ProductPageAddtoBag":"加入购物车","ProductPageProductInfo":"产品资料","ProductPageChooseVariant":"选择款型","ProductPageShipping":"船运","ProductPageShippingFee":"标准运货，7-19 天 ","ProductPageShippingFeeFree":"免费","ProductPageMingLiCareInsurance":"MingLiCare保险","ProductPageMingLiCareInsuranceEmpty":"暂无保险","ProductPageNon_returnable":"无法归还、无法退款、无保修","ProductPageSpecification":"特色","ProductPageSpecificationEmpty":"暂无特色","ProductPageSeller":"卖家","ProductPageRatingnReview":"评级及评语","ProductPageRatingnReviewEmpty":"暂无评价","ProductPageWriteReview":"写评语","ProductPageVirtualRitual":"线上法会 . 布施","ProductPageComplimentaryItems":"赠品","ProductPageYourSimilarSerach":"您的相关搜索","ProductPageChooseColor":"选择颜色","ProductPageChooseTypeofLocket":"选择小盒类型","ProductPageTitleofSpecification":"规格项目","ProductPageWarrantyType":"保修类型","ProductPageEnterPostCode":"输入您的地区邮政编号","ProductPageItemLocation":"货品所在地","ProductPageShipsto":"运送至","ProductPageTaxes":"税务","ShoppingBagPageShoppingBagPage":"总共3个货品","ShoppingBagPageTotalItems01":"总共","ShoppingBagPageTotalItems02":"个货品","ShoppingBagPageProductItem":"产品项目","ShoppingBagPageApplied01":"优惠券代码正确 ","ShoppingBagPageApplied02":"商品免运费","ShoppingBagPageItemSaved":"产品已储存","ShoppingBagPageCheckoutAllItems":"查看全部项目","ShoppingBagPageFreeShipping":"选择下面免运费优惠券以享有货运折扣","ShoppingBagPageEarnPoints":"获得55积分","ShoppingBagPageUseVoucherorEnterCode":"使用优惠券或输入代码","ShoppingBagPageDeleteitems":"删除{count}个项目？","ShoppingBagPageDeleteButton":"是，删除","ShoppingDiscount":"折扣","ShoppingBagVoucher":"优惠券","VoucherInfoNotApplicable":"不适用","VoucherInfoDiscount":"Liew老师商品折扣20%","VoucherInfoPoints":"获得{point}积分","VoucherInfoApplicable":"适用","VoucherInfoMinPurc":"最低消费额为{Currency}{Amount}","VoucherInfoCode":"{DiscountCode}","VoucherInfoValidDescription":"优惠券代码正确","VouhcerInfoFreeShipping":"1234455商品免运费","CheckoutPageShipTo":"运送至","CheckoutPageChangeaddress":"更换地址","CheckoutPageInfo":"开单地址与运送地址相同","CheckoutPageEditAddress":"编辑地址","CheckoutPageItem":"2个货品","CheckoutPageTotalPayment":"消费总值","CheckoutPagePay":"现在付款","PurchasePackageShoppingBagPageTitle":"填写表格","PurchasePackageShoppingBagPageDescription":"您也可以为您的挚爱进行注册","PurchasePackageShoppingBagPageWishfor":"心愿","PurchasePackageShoppingBagPageWishList":"您想许什么愿？ （选择性）","PurchasePackageShoppingBagPageNoshipping":"不须运送","PaymentPageChoosePaymentMethod":"选择付款方式","PaymentPageCardMethod":"信用卡/转账卡","PaymentPageFPX":"网上银行","PaymentPageStripe":"条码","PaymentPageLinePay":"Line移动支付","PaymentPageCardHolderName":"持卡人姓名","PaymentPageCardNumber":"卡号","PaymentPageCardExpirydate":"有效日期","PaymentPageSaveCard":"将此卡储存成为我的付款方式","PaymentPageCardDescription":"一旦选择此选项，您的信用卡/转账卡资料将自动被储存用以支付未来消费","PaymentPageProceedToPay":"准备付款","PaymentPagePaymentisSuccessful":"付费成功","PaymentPageOfficialReceipt":"官方单据","PaymentPageOrderID":"订单编号","PaymentPagePlaceon":"订购于","PaymentPagePaidon":"支付于","PaymentPageShippingAddress":"船运地址","PaymentPageBillingAddress":"邮寄地址","PaymentPageOrderSummary":"订单汇总","PaymentPagePaidBy":"支付方","PaymentPagePaymenMethod":"付款方式","PaymentPagePaymentisNotSuccessful":"付费失败","MyOrdersPage":"我的订单","MyOrdersPagePaidnUnpaid":"订单编号 {OrderNumber}, {Date Time}","MyOrdersPageAwaitingCollection":"等待领取","MyOrdersPageMakePayment":"付款","MyOrdersPageTotal":"总额:{Amount}","MyOrdersPagePaymentUnsuccessful":"付款失败","OrderSummaryPageTrackPackage":"追查配套","OrderSummaryPageTrackmyPackage":"追查我的配套","OrderSummaryPageEstimateDeliveryDate":"估计运抵日期 {start}_{end}","OrderSummaryPagesTrackingLink":"这是追查链结","OrderSummaryPagesItemIsReady":"货品已备好","OrderSummaryPagesCollectNow":"现在你可领取","OrderSummaryPages":"从{date} 开始接受领取","OrderSummaryPagesCollectItem":"领取货品","OrderSummaryPagesSelfCollectAt":"在以下地方亲自领取","OrderSummaryPagesCollectionPeriod":"领取时段","OrderSummaryPagesOpentime":"开门","OrderSummaryPagesClosetime":"关门","ContactHelpPagesTitle":"我们会随时随地协助您","ContactHelpPagesDescription":"告诉我们您的想法！","ContactHelpPages":"请在这里写下您的意见","ContactHelpPagesButton":"提交","ContactHelpInfoTitle":"已发送","ContactHelpInfoDescription":"感谢您让我们有机会表现更好。我们将尽速透过电邮回复您。","ReviewAppPagesTitle":"是否喜欢使用我们的APP？","ReviewAppPagesDescription":"敬请评价以便知道您喜欢我们APP的哪个部分","ReviewAppPagesRateUs":"请给予评级","ReviewAppPagesMessage":"您的意见（选择性）","ReviewOrderPageToReview":"评价","ReviewOrderPageDelivered":"已运抵","ReviewOrderPageCompleted":"付费完成","ReviewOrderInfoTitle":"已运抵","ReviewOrderInfoDescription":"感谢您愿意拨出时间。这里附送15%折扣优惠以便下次订购或消费时可享用","ProfilePage":"我","ProfilePageAlert":"为了带来更好体验，在预订服务或主持活动之前，我们会询问每人某些相关资料","ProfilePageLocation":"你在什么地方？","ProfilePageActivities":"活动","ProfilePageMyOrders":"我的订单","ProfilePageTransactionHistory":"交易记录","ProfilePageAppointments":"预约","ProfilePageMyBazi":"我的八字","ProfilePageTitle":"您的档案","ProfilePageDescriptions":"命理360账号可让您享有快速预定、线上直播优惠以及更多！","ProfilePageButton":"让我登入","ProfilePageCreateAccount":"注册新账号","ProfilePageCreateAccountDescription":"命理360账号可让您享有快速预定、线上直播优惠以及更多！","ProfilePageContinuewithMobileNo":"用手机继续","ProfilePageContinuewithEmail":"用电邮继续","ProfilePageIwishtoLogin":"我想登入","ProfilePageMyLive":"我的直播记录","AddShippingPageTitle":"创建新的船运地址","AddShippingPageAddress":"地名（住宅/办公室等）","AddShippingPageReceiver":"收货人姓名","AddShippingPageLocation":"公寓/公司/门市名字（选择性）","AddShippingPageAddress1":"地址（第二行）","AddShippingPageAddress2":"地址（第二行）","AddShippingPagePostcode":"邮区编号","AddShippingPageCity":"城市/城镇","AddShippingPageState":"州属","AddShippingPageCountry":"国家","CompleteProfileStep1Page":"填完个人资料","CompleteProfileStep1PageTitle1":"遗漏部分","CompleteProfileStep1PageDescription1":"自我介绍","CompleteProfileStep1PageDescription2":"加入船运资料","CompleteProfileStep1PageDescription3":"加入付款方式","CompleteProfileStep1PageTitle2":"已完成","CompleteProfileStep1PageSignUp":"注册","CompleteProfileStep2PageTitle":"我感兴趣的是...","CompleteProfileStep2PageDescription":"让我们了解您更多","CompleteProfileStep2PageCategoryName":"品相类型名字","CompleteProfileStep2PageButton":"选择是少三项兴趣以进入下一步","CompleteProfileStep3PageTitle":"现在，请完成您的基本个人资料","CompleteProfileStep3PageDescription":"* 必须填写","CompleteProfileStep3Gender":"告诉我们您的性别","CompleteProfileStep3ProfilePicture":"最后，请上传头像","AddAddressPageNoAddressTitle":"不好意思！您还未填写地址","AddAddressPageMyAddresses":"我的地址","CreateNewShippingAddressPage":"创建新的开单地址","BillingAddressPage":"选择您要的开单地址","BillingAddressPageManage":"管理我的地址","OfficialReceiptPage":"你还没被收取费用","MySavedPage":"不好意思，这里出现空白处","MySavedPageBrowseButton":"现在浏览","MySavedPageChooseVarientButton":"选择类型","MySavedPageRegisteredButton":"已登记","LivePageViewers":"{cnt} 观众","LivePageEnterMessage":"输入讯息","LivePageSeePackageButton":"查看配套","LivePageExitBroadcastButton":"离开直播","LivePageEndVideo":"结束视频","LivePageAbout":"关于祈福","LivePageCreateLink":"创建链接","LivePageSharedAlbum":"分享相簿","LivePageDirect":"转发","LivePageViewBlessingPackages":"浏览祈福配套","LiveInfoEnded":"直播已结束","LiveInfoThankyou":"谢谢观看","AddProductInfoPageChooseColor":"选择颜色","AddProductInfoPageChooseTypeofLocket":"选择小盒类型","NotificationUndo":"撤销","NotificationItemDeleted":"已删除货品","NotificationAddedtoBag":"加入购物车","CommonSendButton":"发送","CommonAddtoBag":"加入购物车","CommonBag":"购物车","CommonEvents":"活动","CommonBlessingnEvents":"祈福/活动","CommonTravel":"旅行","CommonItems":"货品","CommonDonation":"布施","CommonComplete":"已完成","CommonEdit":"编辑","CommonDefault":"默认","CommonDateofBirth":"出生日期","CommonTimeofBirth":"出生时间","CommonDone":"完成","CommonMyBazi":"我的八字","CommonSave":"储存","CommonAllAbove":"以上全部","CommonSeeDetails":"查看具体信息","CommonAll":"全部","CommonSeeAll":"阅读全部","CommonShop":"商城","CommonServices":"服务","CommonTrending":"热搜中","CommonCategory":"品项分类","CommonPriceRange":"价钱范围","CommonReset":"重设","CommonApply":"使用","CommonRemove":"取消","CommonReadMore":"阅读更多","CommonHere":"这里","CommonLearnMore":"查阅更多","CommonSize":"尺寸","CommonColor":"颜色","CommonType":"类型","CommonShippingFee":"运费","CommonDiscount":"折扣","CommonCheckout":"结账","CommonSubtotal":"小结","CommonNext":"下一步","CommonPayNow":"现在付款","CommonTotal":"总额","CommonGetHelp":"协助","CommonSubmit":"递交","CommonEmailAddress":"电邮","LoginPhoneNumber":"电话号码","CommonPassword":"密码","CommonRe_password":"再度输入密码","CommonCountryCode":"国家代码","CommonFullName":"全名","CommonMyOrders":"我的订单","CommonTransactionHistory":"交易记录","CommonAppointments":"预约","CommonAddress":"地址","CommonPaymentsandPayouts":"付费和款项","CommonInbox":"私讯信箱","CommonMySaved":"我的储存项目","CommonPersonalInformation":"个人资料","CommonAccountSettings":"帐号设定","CommonLive":"直播","CommonShare":"分享","CommonConfirmation":"确认","CommonCancel":"取消","ChangeLanguage":"切换语言","EmptyBag":"您的包是空的","EmptyInbox":"您的收件箱為空","AddToBagSuccessMsg01":"已添加","AddToBagSuccessMsg02":"样物品進入購物車","AddToBagFailMsg":"请先选择款式","EmptyVariantMsg":"暂无款式可选","ShippingInformation":"船运","CommonFirstName":"名字","CommonLastName":"姓","CommonPhoneNumber":"电话号码","CommonCityName":"城市","CommonZipCode":"邮政编码","CommonContinue":"下一步","CheckoutPaySuccess":"付款成功，您的订单已下","CheckoutPayFail":"付款失败","CommonOk":"好的","CommonBack":"上一步","CommonShipping":"船运","CommonPayment":"付款","CommonQuantity":"数量","CommonPaymentStatus":"通知","CommonLogout":"登出","CommonSearch":"搜索","SearchFor":"搜索..","OrderUnpaid":"未付款","OrderProcessing":"待运中","OrderCompleted":"已收货","MLTVIntro":"引人入胜的节目，并以文化和有趣的情节为特色","EventListingLiveDescription":"线上参加文化仪式以及传统节日，让供奉与祈福变得供简易","EventListingUpcomingDescription":"线上参加文化仪式以及传统节日，让供奉与祈福变得供简易","EventListingPastDescription":"线上参加文化仪式以及传统节日，让供奉与祈福变得供简易","CommonAccount":"账号","AboutMingLi360":"关于 命理360","TermsAndCondition":"条规与协议","Default":"已选","PreferredLanguage":"您的语言","CommonAccountInformation":"账号信息","TrendingItems":"热搜商品","HappeningNow":"正在进行","UpcomingNow":"即将到来","PopularMLTV":"MLTV热搜","TutorialLanguageHeader":"正式启动吧","TutorialLanguageDescription":"选择您的语言","TutorialWelcomeHeader":"欢迎登入亚洲首要的全方位文化传承平台","TutorialWelcomeDescription":"更多功能服务","TutorialHeader1":"线上祈福法会","TutorialDescription1":"祈福更方便。全程参与即时线上祭拜活动","TutorialHeader2":"全方位命理节目等着你!","TutorialDescription2":"以命理及文化传承为主题制作了上百集的影片提供更全面的资讯","TutorialHeader3":"祈福精品电商服务","TutorialDescription3":"唯一拥有多元文化和特色祈福祭拜产品的电商平台","TutorialHeader4":"安全又可靠的支付平台","TutorialDescription4":"我们接受与提供安全透明的付款方式","TutorialNext":"下一个","Tutorial":"教学","TutorialSkip":"跳过","OrderEmpty":"哎呀..\\n這是空的","OrderShopNow":"立刻购买","EditPersonalInfo":"编辑我的个人资料","GetHelpIntro":"我们在为您提供帮助","InvalidName":"名称不可用","InvalidMobile":"手机号码不可用","InvalidEmail":"电邮不可用","InvalidPassword":"密码必须超过7个字符","InvalidConfirmPassword":"确认密码","TnCConfirmation":"选中此框，即表示我同意条款和条件","TnCErrorHint":"必须接受","CommonConfirmPassword":"确认密码","CommonMessage":"信息","InvalidMessage":"留言不能留空","CommonGuestContinue":"以客身份进入","CommonRequiredField":"必填项目","CommonSubject":"标题","PersonalDataProtectionPrivacy":"个人资料保护私隐","EmptyProduct":"暂无产品","CommonMale":"男","CommonFemale":"女","InvalidPhoneNumber":"电话号码错误","VerifiyAccount":"验证您的帐户","EmptyLiveRitualMsg":"目前没有活动","EmptyUpcomingRitualMsg":"目前没有活动","ZipCodeValidation":"邮递区号必需填","PostCodeValidation":"邮政区号只能包含数字","CountryValidation":"必须填写国家","AlphaTextValidation":"必须包含字母字符","StateValidation":"必须填写州","CityValidation":"必须填写城市","EmailValidation":"必须填电子邮件","FirstNameValidation":"必须填姓名","LastNameValidation":"必须填写姓氏","AddressValidation":"必须填写地址","MobileValidation":"必须填写电话号码","DigitMobileMsg":"手机号码必须是数字","CommonFreeShipping":"免费送货","HomePageViewPastEvent":"观看以往活动","CommonLoading":"加载中...","Generic Error":"应用程序遇到错误。请重新启动应用程序。","heee":"testing"}