{"LocaleValue":"zh-TW","HomepageWelcomeAppBar":"歡迎登入","HomepageGreetTo":"您好","HomepagelaunchingPromoTitle":"迎賓促銷","HomepageupcomingEventsTitle":"來日活動","HomepagepastRitualHighlightsTitle":"過往法會精選","HomepageintroducingMingLiChannelsTitle":"特別推介【命理頻道】","HomepagemoreEpisodersTitle":"更多集數","HomepagegoToChannelButton":"進入頻道","HomepageHome":"主頁","InboxNowliveTitle":"現在觀看！","InboxLivein1hourtimeTitle":"1小時後將直播！","InboxItsTmrTitle":"就是明天！","InboxDonationSuccessfulTitle":"您已成功佈施,到此領取好禮","InboxSignUpTitle":"謝謝您注冊報名","InboxWelcomingVoucherCodeTitle":"這是您的迎賓優惠碼","InboxItemPaidSuccessful":"商品付費成功！","InboxShipped":"已發貨","InboxPaymentSuccess":"付費成功","InboxPaymentUnsuccessful":"付款失敗","InboxItemShipped":"貨品已發送！","InboxItemSuccessDelivery":"貨品已發送給您！","InboxItemCancelledOrder":"您已取消訂單","EventListingLiveWatchNowTitle":"現在觀看！","EventListingWatchNowDescription":"您被邀請參加我們的綫上免費祈福","EventListingLiveIcon":"直播","EventListingSeeUpcomingEventTitle":"瀏覽來日活動","EventListingUpcoming":"即將舉行","EventListingEarlyBirdRegistration":"現在注冊可享早鳥價","EventListingPastRitualsHighlights":"已往法會精選","EventListingEnded":"已結束","EventListingSeeAllPastRituals":"瀏覽所有過往法會","EventListingEvents":"活動","EventPageAboutTheBlessing":"關於祈福","EventPageWatchLiveNowButton":"觀看直播","EventPageExpand":"展開","EventPageMeetYourHost":"觀看更多大師直播","EventPageHighlights":"精華","EventPageViewAll":"瀏覽全部","EventPageBlessingPackages":"祈福配套","EventPageReadMoreAboutTheEvent":"閲讀更多活動詳情","EventPageShowLess":"收起","EventInfoPageAbout":"關於","EventBroadcasterListHosts":"大師","EventBroadcasterListBroadcasters":"廣播員","EventPageEventnRituals":"活動和儀式","EventPagePast":"已過","EventPagePastHighlights":"過往精彩重點","EventPagePopularOrganizers":"人氣主辦方","EventPageJustEnded":"剛剛結束","EventPageOngoingDonations":"進行中佈施活動","EventPageDonate":"佈施","EventPageFavouriteBlessings":"我喜歡的祈福活動","EventPageViewEventSummary":"觀看活動概覽","EventPageEventSummary":"活動概覽","EventPageReportTotalRegistration":"注冊人數","EventPageReportPeople":"{people} 人","EventPageReportTotalPurchased":"消費人數","EventPageReportCirclePeople":"{people} 人","EventPageReportTotalWebEngagement":"網站互動次數","EventPageReportTotalMobileEngagement":"移動設備互動次數","MLTVTrending":"熱搜中","MLTVOurProgrammes":"我們的節目","MLTVEpisode":"第{Episode}集","MLTVDaysAgo":"{days}天前","MLTVProgramme":"節目","MLTVAbout":"關於","MLTVAllEpisodes":"全部集數","MLTVNew":"新推出","MLTVWeek":"{Start}_{End},{StartTime}_{EndTime} {Period}","EventPageUpcomingUpcomingBroadcast":"即將直播","EventPageUpcomingBroadcastNow":"現在直播","EventPageUpcomingUpcoming":"即將舉行","EventPageUpcomingRegisterforFreeNow":"現可免費注冊","EventPageUpcomingExtraOffer":"額外{percent}%折扣（早鳥優惠）","EventPageUpcomingPackageContent":"一旦購買你可獲得","EventPageUpcomingETD":"預計運送天數","EventPageUpcomingPurchase":"下單","EventPageUpcomingFOC":"免費","EventPageUpcomingPeopleContributed":"{people}人已下單","LoginPageLogin":"登入","LoginPageLoginwithemail":"電郵登入","LoginPageLoginwithPhone":"手機登入","LoginPageMobileNo":"手機號碼","LoginPagePassword":"您的密碼","LoginPageLoginButton":"現在開始","LoginPageOtherOptions":"其他選項","LoginPageForgotPassword":"忘記密碼","LoginPageSignUp":"還未成爲會員？現在注冊","LoginPageLoginOption":"其他登入方法","LoginPageLoginwithFacebook":"Facebook登入","LoginPageLoginwithGoogle":"Google登入","LoginPageLoginwithEmail":"電郵登入","LoginPageCreateNewAccount":"電郵登入","LoginPageTnC":"注冊新賬號，表示您同意我們的使用條款及隱私保護政策","LoginPageCreateAccountTitle":"注冊新賬號","LoginPageContinuewithMobileNo":"透過手機","LoginPageContinuewithEmail":"透過電郵","SignUpPageTitle":"注冊","SignUpPageDescription":"全部欄目必須填寫","SignUpPageFullName":"姓名","SignUpPagePhoneNumber":"電話號碼","SignUpPagePassword":"設置登入密碼","SignUpPageRe_password":"再度輸入密碼","SignUpPageTnC":"注冊新賬號，表示您同意我們的使用條款及隱私保護政策","SignUpPageSignUp":"注冊","SignUpPagePasswordLimit":"密碼不可超過8個字符","ForgotPasswordForgotPasswordPageTitle":"忘記密碼","ForgotPasswordVerifyDescription":"首先，須要認證這是您本人","ForgotPasswordEmailAddress":"電郵","ForgotPasswordPhoneNumber":"手機號碼","ForgotPasswordConfirm":"下一步","ForgotPasswordNewPassword":"全新密碼","ForgotPasswordNewRe_password":"再度輸入全新密碼","ForgotPasswordResetNow":"現在重新設置","ForgotPasswordSwapMobile":"改用手機號碼","ForgotPasswordSwapEmailAddress":"改用電郵","ForgotPasswordResetDescription":"您現在可設置您的密碼","ForgotPasswordPasswordDismatch":"密碼互不吻合,密碼不可少於8個字符","SignUpOTPPageTitle":"請輸入6位數驗證碼","SignUpOTPPageDescription":"發送至{countrycode}{number}","SignUpOTPPageSignUp":"下一步","SignUpOTPPageResendOTP":"仍未收到？","SignUpOTPPageResendOTPsecond":"請在0.22秒后要求發送新的驗證碼","SignUpActivationCodePageTitle":"請輸入您的啓動碼","SignUpActivationCodePageDescription":"啓動碼已電郵至您的電子郵箱","ResetSuccessfulInfoTitle":"成功設置","ResetSuccessfulInfoDescription":"您現在可登入","ResetSuccessfulInfoButtonContent":"好","ResetUnsuccessfulInfoTitle":"重新設置失敗","ResetUnsuccessfulInfoDescription":"問題出現，請稍後再重試","ResetUnsuccessfulInfoButtonContent":"好","ResetLoginInvalidInfoTitle":"登入無效","ResetLoginInvalidInfoDescription":"密碼或手機號碼無效","ResetLoginInvalidInfoButtonContent":"好","ResetLogoutInfoTitle":"您確定要登出嗎？","ResetLogoutInfoYesButton":"是","ResetLogoutInfoCancelButton":"否","SuccessSignUpOrChangePasswordPageTitle":"您現在已登入","SuccessSignUpOrChangePasswordPageDescription":"歡迎，祝您瀏覽愉快！","SuccessSignUpOrChangePasswordPageButtonDescription":"前進","ConsultationPageTitle":"咨詢","ConsultationPageBannerButton":"瞭解更多","ConsultationPageFeatureService":"主打服務","ConsultationPageGlobalFeatured":"全球精選","ConsultationPageDiscovery":"新發現","ConsultationPageDiscoveryWidgetButton":"閲讀更多","ConsultationPageUpcomingEvents":"來日活動","ConsultationPageUpcomingEventsWidgetButton":"先科免費報名","ConsultationPageConsultationIcon":"咨詢","ConsultationCategoryPageListingAll":"全部","ConsultationCategoryPageListingRecommendation":"每周推薦","MasterProfilePageTitle":"我","MasterProfilePageHighlights":"精華","MasterProfilePageBookaService":"預訂服務","MasterProfilePageMasterBio":"閲讀大師檔案","MasterProfilePageMyEvents":"我關注的活動","MasterProfilePageEnded":"結束","MasterProfilePageDonate":"佈施","MasterProfilePagePopularServices":"熱門服務","MasterProfilePageFOC":"免費","MasterProfilePageAllService":"閲讀全部","MasterProfilePageRatingnReviews":"評分和評語","MasterProfilePageAllRatingnReviews":"閲讀全部","RitualnEventsPageMyLive":"我關注的直播","RitualnEventsPagePastEvents":"過往活動","RitualnEventsPageGotoMarketPlace":"進入購物商城","RitualnEventsPageBestSelling":"熱賣商品","RitualnEventsPageFreeShipping":"全球免船運費","RitualnEventsPageJust_in":"上架新品","RitualnEventsPageCategory":"品項分類","RitualnEventsPageDiscount":"新用戶獲10%折扣","RitualnEventsPageServiceName":"選擇子服務","RitualnEventsPageTotalAmount":"總值","RitualnEventsPageMediaTypeVoiceMessages":"與語音系統對話","RitualnEventsPageMediaTypeLiveVideo_chat":"與視訊實時對話","RitualnEventsPageFilltheForm":"填寫表格","RitualnEventsPageFormDescription":"此服務接受超過一名祈福者。你可選擇或輸入數個名字","RitualnEventsPageTypeName":"輸入名字","RitualnEventsPageChooseBazi":"填寫八字","RitualnEventsPagePrayerFullName":"祈福者姓名","RitualnEventsPageNotification":"您可以稍後填寫表格。請先預約您想要的時段，以免向隅。","RitualnEventsPageSavenProceed":"儲存並進入下一步","RitualnEventsPageChoosePrayers":"選擇祈福者","RitualnEventsPageSelectAll":"全選","RitualnEventsPageManageAddress":"處理我的地址","RitualnEventsPage":"完成","MarketPlacePageMarketplace":"購物商城","MarketPlacePageFeaturedCategory":"推薦品項","MarketPlacePageSellerType":"賣家類型","MarketPlacePageFromMaster":"大師","MarketPlacePageFromTemplate":"廟宇","ProductPageShipfrom":"船運自","ProductPageCondition":"狀態","ProductPageAddtoBag":"加入購物車","ProductPageProductInfo":"產品資料","ProductPageChooseVariant":"選擇款型","ProductPageShipping":"船運","ProductPageShippingFee":"標準運貨，7-19 天","ProductPageShippingFeeFree":"免費","ProductPageMingLiCareInsurance":"MingLiCare保險","ProductPageMingLiCareInsuranceEmpty":"暫無保險","ProductPageNon_returnable":"無法歸還、無法退款、無保修","ProductPageSpecification":"特色","ProductPageSpecificationEmpty":"暫無特色","ProductPageSeller":"賣家","ProductPageRatingnReview":"評級及評語","ProductPageRatingnReviewEmpty":"暫無評價","ProductPageWriteReview":"寫評語","ProductPageVirtualRitual":"綫上法會 . 佈施","ProductPageComplimentaryItems":"贈品","ProductPageYourSimilarSerach":"您的相關搜索","ProductPageChooseColor":"選擇顔色","ProductPageChooseTypeofLocket":"選擇小盒類型","ProductPageTitleofSpecification":"規格項目","ProductPageWarrantyType":"保修類型","ProductPageEnterPostCode":"輸入您的地區郵政編號","ProductPageItemLocation":"貨品所在地","ProductPageShipsto":"運送至","ProductPageTaxes":"稅務","ShoppingBagPageShoppingBagPage":"總共3個貨品","ShoppingBagPageTotalItems01":"總共 ","ShoppingBagPageTotalItems02":"個貨品","ShoppingBagPageProductItem":"產品項目","ShoppingBagPageApplied01":"優惠券代碼正確 ","ShoppingBagPageApplied02":"商品免運費","ShoppingBagPageItemSaved":"個項目已儲存","ShoppingBagPageCheckoutAllItems":"查看全部項目","ShoppingBagPageFreeShipping":"選擇下面免運費優惠券以享有貨運折扣","ShoppingBagPageEarnPoints":"獲得55積分","ShoppingBagPageUseVoucherorEnterCode":"使用優惠券或輸入代碼","ShoppingBagPageDeleteitems":"刪除一個項目？","ShoppingBagPageDeleteButton":"是，刪除","ShoppingDiscount":"折扣","VoucherInfoNotApplicable":"不適用","VoucherInfoDiscount":"Liew老師商品折扣20%","VoucherInfoPoints":"獲得{point}積分","VoucherInfoApplicable":"適用","VoucherInfoMinPurc":"最低消費額為{Currency}{Amount}","VoucherInfoCode":"{DiscountCode}","VoucherInfoValidDescription":"優惠券代碼正確","VouhcerInfoFreeShipping":"1234455商品免運費","CheckoutPageShipTo":"運送至","CheckoutPageChangeaddress":"更換地址","CheckoutPageInfo":"開單地址與運送地址相同","CheckoutPageEditAddress":"編輯地址","CheckoutPageItem":"2個貨品","CheckoutPageTotalPayment":"消費總值","CheckoutPagePay":"現在付款","PurchasePackageShoppingBagPageTitle":"填寫表格","PurchasePackageShoppingBagPageDescription":"您也可以為您的摯愛進行注冊","PurchasePackageShoppingBagPageWishfor":"心願","PurchasePackageShoppingBagPageWishList":"您想許什麽愿？（選擇性）","PurchasePackageShoppingBagPageNoshipping":"不須運送","PaymentPageChoosePaymentMethod":"選擇付款方式","PaymentPageCardMethod":"信用卡/轉賬卡","PaymentPageFPX":"網上銀行","PaymentPageStripe":"條碼","PaymentPageLinePay":"Line移動支付","PaymentPageCardHolderName":"持卡人姓名","PaymentPageCardNumber":"卡號","PaymentPageCardExpirydate":"有效日期","PaymentPageSaveCard":"將此卡儲存成為我的付款方式","PaymentPageCardDescription":"一旦選擇此選項，您的信用卡/轉賬卡資料將自動被儲存用以支付未來消費","PaymentPageProceedToPay":"準備付款","PaymentPagePaymentisSuccessful":"付費成功","PaymentPageOfficialReceipt":"官方單據","PaymentPageOrderID":"訂單編號","PaymentPagePlaceon":"訂購於","PaymentPagePaidon":"支付於","PaymentPageShippingAddress":"船運地址","PaymentPageBillingAddress":"郵寄地址","PaymentPageOrderSummary":"訂單匯總","PaymentPagePaidBy":"支付方","PaymentPagePaymenMethod":"{Payment Method}","PaymentPagePaymentisNotSuccessful":"付費失敗","MyOrdersPage":"我的訂單","MyOrdersPagePaidnUnpaid":"訂單編號 {OrderNumber}, {Date Time}","MyOrdersPageAwaitingCollection":"等待領取","MyOrdersPageMakePayment":"付款","MyOrdersPageTotal":"總額:{Amount}","MyOrdersPagePaymentUnsuccessful":"付款失敗","OrderSummaryPageTrackPackage":"追查配套","OrderSummaryPageTrackmyPackage":"追查我的配套","OrderSummaryPageEstimateDeliveryDate":"估計運抵日期 {start}_{end}","OrderSummaryPagesTrackingLink":"這是追查鏈結","OrderSummaryPagesItemIsReady":"貨品已備好","OrderSummaryPagesCollectNow":"現在你可領取","OrderSummaryPages":"從{date} 開始接受領取","OrderSummaryPagesCollectItem":"領取貨品","OrderSummaryPagesSelfCollectAt":"在以下地方親自領取","OrderSummaryPagesCollectionPeriod":"領取時段","OrderSummaryPagesOpentime":"開門","OrderSummaryPagesClosetime":"關門","ContactHelpPagesTitle":"我們會隨時隨地協助您","ContactHelpPagesDescription":"告訴我們您的想法！","ContactHelpPages":"請在這裏寫下您的意見","ContactHelpPagesButton":"提交","ContactHelpInfoTitle":"已發送","ContactHelpInfoDescription":"感謝您讓我們有機會表現更好。我們將盡速透過電郵回復您。","ReviewAppPagesTitle":"是否喜歡使用我們的APP？","ReviewAppPagesDescription":"敬請評價以便知道您喜歡我們APP的哪個部分","ReviewAppPagesRateUs":"請給予評級","ReviewAppPagesMessage":"您的意見（選擇性）","ReviewOrderPageToReview":"評價","ReviewOrderPageDelivered":"已運抵","ReviewOrderPageCompleted":"付費完成","ReviewOrderInfoTitle":"已運抵","ReviewOrderInfoDescription":"感謝您願意撥出時間。這裏附送15%折扣優惠以便下次訂購或消費時可享用","ProfilePage":"我","ProfilePageAlert":"爲了帶來更好體驗，在預訂服務或主持活動之前，我們會詢問每人某些相關資料","ProfilePageLocation":"你在什麽地方？","ProfilePageActivities":"活動","ProfilePageMyOrders":"我的訂單","ProfilePageTransactionHistory":"交易記錄","ProfilePageAppointments":"預約","ProfilePageMyBazi":"我的八字","ProfilePageTitle":"您的檔案","ProfilePageDescriptions":"命理360賬號可讓您享有快速預定、綫上直播優惠以及更多！","ProfilePageButton":"讓我登入","ProfilePageCreateAccount":"注冊新賬號","ProfilePageCreateAccountDescription":"命理360賬號可讓您享有快速預定、綫上直播優惠以及更多！","ProfilePageContinuewithMobileNo":"用手機繼續","ProfilePageContinuewithEmail":"用電郵繼續","ProfilePageIwishtoLogin":"我想登入","ProfilePageMyLive":"我的直播記錄","AddShippingPageTitle":"創建新的船運地址","AddShippingPageAddress":"地名（住宅/辦公室等）","AddShippingPageReceiver":"收貨人姓名","AddShippingPageLocation":"公寓/公司/門市名字（選擇性）","AddShippingPageAddress1":"地址（第二行）","AddShippingPageAddress2":"地址（第二行）","AddShippingPagePostcode":"郵區編號","AddShippingPageCity":"城市/城鎮","AddShippingPageState":"州屬","AddShippingPageCountry":"國家","CompleteProfileStep1Page":"填完個人資料","CompleteProfileStep1PageTitle1":"遺漏部分","CompleteProfileStep1PageDescription1":"自我介紹","CompleteProfileStep1PageDescription2":"加入船運資料","CompleteProfileStep1PageDescription3":"加入付款方式","CompleteProfileStep1PageTitle2":"已完成","CompleteProfileStep1PageSignUp":"注冊","CompleteProfileStep2PageTitle":"我感興趣的是...","CompleteProfileStep2PageDescription":"讓我們瞭解您更多","CompleteProfileStep2PageCategoryName":"品相類型名字","CompleteProfileStep2PageButton":"選擇是少三項興趣以進入下一步","CompleteProfileStep3PageTitle":"現在，請完成您的基本個人資料","CompleteProfileStep3PageDescription":"* 必須填寫","CompleteProfileStep3Gender":"告訴我們您的性別","CompleteProfileStep3ProfilePicture":"最後，請上傳頭像","AddAddressPageNoAddressTitle":"不好意思！您還未填寫地址","AddAddressPageMyAddresses":"我的地址","CreateNewShippingAddressPage":"創建新的開單地址","BillingAddressPage":"選擇您要的開單地址","BillingAddressPageManage":"管理我的地址","OfficialReceiptPage":"你還沒被收取費用","MySavedPage":"不好意思，這裏出現空白處","MySavedPageBrowseButton":"現在瀏覽","MySavedPageChooseVarientButton":"選擇類型","MySavedPageRegisteredButton":"已登記","LivePageViewers":"{cnt} 觀衆","LivePageEnterMessage":"輸入訊息","LivePageSeePackageButton":"查看配套","LivePageExitBroadcastButton":"離開直播","LivePageEndVideo":"結束視頻","LivePageAbout":"關於祈福","LivePageCreateLink":"創建鏈接","LivePageSharedAlbum":"分享相簿","LivePageDirect":"轉發","LivePageViewBlessingPackages":"瀏覽祈福配套","LiveInfoEnded":"直播已結束","LiveInfoThankyou":"謝謝觀看","AddProductInfoPageChooseColor":"選擇顔色","AddProductInfoPageChooseTypeofLocket":"選擇小盒類型","NotificationUndo":"撤銷","NotificationItemDeleted":"已刪除貨品","NotificationAddedtoBag":"加入購物車","CommonSendButton":"發送","CommonAddtoBag":"加入購物車","CommonBag":"購物車","CommonEvents":"活動","CommonBlessingnEvents":"祈福/活動","CommonTravel":"旅行","CommonItems":"貨品","CommonDonation":"佈施","CommonComplete":"已完成","CommonEdit":"編輯","CommonDefault":"默認","CommonDateofBirth":"出生日期","CommonTimeofBirth":"出生時間","CommonDone":"完成","CommonMyBazi":"我的八字","CommonSave":"儲存","CommonAllAbove":"以上全部","CommonSeeDetails":"查看具體信息","CommonAll":"全部","CommonSeeAll":"閲讀全部","CommonShop":"商城","CommonServices":"服务","CommonTrending":"熱搜中","CommonCategory":"品項分類","CommonPriceRange":"價錢範圍","CommonReset":"重設","CommonApply":"申請","CommonReadMore":"閲讀更多","CommonHere":"這裡","CommonLearnMore":"查阅更多","CommonSize":"尺寸","CommonColor":"顏色","CommonType":"類型","CommonShippingFee":"運費","CommonDiscount":"折扣","CommonCheckout":"結賬","CommonSubtotal":"小結","CommonNext":"下一步","CommonPayNow":"現在付款","CommonTotal":"總額","CommonGetHelp":"協助","CommonSubmit":"遞交","CommonEmailAddress":"電郵","LoginPhoneNumber":"電話號碼 *","CommonPassword":"設置登入密碼 *","CommonRe_password":"再度輸入密碼","CommonCountryCode":"國家代碼 *","CommonFullName":"我的訂單","CommonMyOrders":"我的訂單","CommonTransactionHistory":"交易記錄","CommonAppointments":"預約","CommonAddress":"地址","CommonPaymentsandPayouts":"付費和款項","CommonInbox":"私訊信箱","CommonMySaved":"我的儲存項目","CommonPersonalInformation":"個人資料","CommonAccountSettings":"帳號設定","CommonLive":"直播","CommonShare":"分享","CommonConfirmation":"確認","CommonCancel":"取消","ChangeLanguage":"切換語言","EmptyBag":"您的包是空的","EmptyInbox":"您的收件箱爲空","AddToBagSuccessMsg01":"已添加","AddToBagSuccessMsg02":"樣物品進入購物車","AddToBagFailMsg":"請先選擇款式","EmptyVariantMsg":"暫無款式可選","ShippingInformation":"船運","CommonFirstName":"名字","CommonLastName":"姓","CommonPhoneNumber":"電話號碼","CommonCityName":"城市","CommonZipCode":"郵政編碼","CommonContinue":"下一步","CheckoutPaySuccess":"付款成功，您的訂單已下","CheckoutPayFail":"付款失敗","CommonOk":"好的","CommonBack":"上一步","CommonShipping":"船運","CommonPayment":"付款","CommonQuantity":"數量","CommonPaymentStatus":"通知","CommonLogout":"登出","CommonSearch":"搜索","SearchFor":"搜索..","OrderUnpaid":"未付款","OrderProcessing":"待運中","OrderCompleted":"已收貨","MLTVIntro":" 引人入勝的節目，並以文化和有趣的情節為特色","EventListingLiveDescription":"線上參加文化儀式以及傳統節日，讓供奉與祈福變得供簡易\"","EventListingUpcomingDescription":" 線上參加文化儀式以及傳統節日，讓供奉與祈福變得供簡易","EventListingPastDescription":" 線上參加文化儀式以及傳統節日，讓供奉與祈福變得供簡易","CommonAccount":"賬號","AboutMingLi360":"關於 命理360","TermsAndCondition":"條規與協議","Default":"已選","PreferredLanguage":"您的語言","CommonAccountInformation":"賬號信息","TrendingItems":"熱搜商品","HappeningNow":"正在進行"}