{"LocaleValue":"en-US","HomepageWelcomeAppBar":"Welcome","HomepageGreetTo":"Hello","HomepagelaunchingPromoTitle":"Launching Promo","HomepageupcomingEventsTitle":"Upcoming Events","HomepagepastRitualHighlightsTitle":"Past Ritual Highlights","HomepageintroducingMingLiChannelsTitle":"Introducing Ming Li Channels","HomepagemoreEpisodersTitle":"More Episoders","HomepagegoToChannelButton":"Go To Channel","HomepageHome":"Home","InboxNowliveTitle":"Now Live!","InboxLivein1hourtimeTitle":"Live In 1 hour time!","InboxItsTmrTitle":"It's tommorrow!","InboxDonationSuccessfulTitle":"Your donation successful, Here's a gift for you","InboxSignUpTitle":"Thank you for signing up with us","InboxWelcomingVoucherCodeTitle":"Welcome. Here a Voucher Code for you!","InboxItemPaidSuccessful":"Item Paid Successful","InboxShipped":"Shipped","InboxPaymentSuccess":"Payment is successful","InboxPaymentUnsuccessful":"Payment is unsuccessful","InboxItemShipped":"Item shipped!","InboxItemSuccessDelivery":"Item is successfully delivered to you!","InboxItemCancelledOrder":"You had cancelled your Order","EventListingLiveWatchNowTitle":"Watch Now","EventListingWatchNowDescription":"You are invited to join our Virtual Blessing. It's Free!","EventListingLiveIcon":"Live","EventListingSeeUpcomingEventTitle":"See Upcoming Event","EventListingUpcoming":"Upcoming","EventListingEarlyBirdRegistration":"Early Bird Registration","EventListingPastRitualsHighlights":"Past Rituals Highlights","EventListingEnded":"Ended","EventListingSeeAllPastRituals":"See All Past Rituals","EventListingEvents":"Events","EventPageAboutTheBlessing":"About The Blessing","EventPageWatchLiveNowButton":"Watch Live Now","EventPageExpand":"Expand","EventPageMeetYourHost":"Meet your Host","EventPageHighlights":"Highlights","EventPageViewAll":"View All","EventPageBlessingPackages":"Blessing Packages","EventPageReadMoreAboutTheEvent":"Read More About The Event","EventPageShowLess":"Show less","EventInfoPageAbout":"About","EventBroadcasterListHosts":"Masters","EventBroadcasterListBroadcasters":"Broadcasters","EventPageEventnRituals":"Event & Rituals","EventPagePast":"Past","EventPagePastHighlights":"Past Highlights","EventPagePopularOrganizers":"Popular Organizers","EventPageJustEnded":"Just Ended","EventPageOngoingDonations":"Ongoing Donations","EventPageDonate":"Donate","EventPageFavouriteBlessings":"Favourite Blessings","EventPageViewEventSummary":"View Event Summary","EventPageEventSummary":"Event Summary","EventPageReportTotalRegistration":"Total Registration","EventPageReportPeople":"{People} People","EventPageReportTotalPurchased":"Total purchased","EventPageReportCirclePeople":"{People} People","EventPageReportTotalWebEngagement":"Total Web Engagement","EventPageReportTotalMobileEngagement":"Total Mobile Engagement","MLTVTrending":"Trending","MLTVOurProgrammes":"Our Programmes","MLTVEpisode":"Ep. {Episode}","MLTVDaysAgo":"{days} days ago","MLTVProgramme":"Programme","MLTVAbout":"About","MLTVAllEpisodes":"All Episode","MLTVNew":"New","MLTVWeek":"{Start}_{End},{StartTime}_{EndTime} {Period}","EventPageUpcomingUpcomingBroadcast":"Upcoming Broadcast","EventPageUpcomingBroadcastNow":"Broadcast Now","EventPageUpcomingUpcoming":"Upcoming","EventPageUpcomingRegisterforFreeNow":"Register for Free now","EventPageUpcomingExtraOffer":"Extra {Percent}% OFF (Early Bird Registration)","EventPageUpcomingPackageContent":"What you get after purchase","EventPageUpcomingETD":"Estimated delivery","EventPageUpcomingPurchase":"Purchase This","EventPageUpcomingFOC":"Free","EventPageUpcomingPeopleContributed":"{people} people contributed","LoginPageLogin":"Log In","LoginPageLoginwithemail":"Log in with email address","LoginPageLoginwithPhone":"Log in with phone number","LoginPageMobileNo":"Mobile No.","LoginPagePassword":"Your Password","LoginPageLoginButton":"Let's Go","LoginPageOtherOptions":"Other options","LoginPageForgotPassword":"Forgot password","LoginPageSignUp":"I'm new, Sign Me Up","LoginPageLoginOption":"Other log in options","LoginPageLoginwithFacebook":"Continue with Facebook","LoginPageLoginwithGoogle":"Continue with Google","LoginPageLoginwithEmail":"Continue with Email","LoginPageCreateNewAccount":"Create a new account","LoginPageTnC":"By creating an account you agree to our {tnc} and {policy}","LoginPageCreateAccountTitle":"Create an account","LoginPageContinuewithMobileNo":"Continue with Mobile No.","LoginPageContinuewithEmail":"Continue with Email","SignUpPageTitle":"Sign Up","SignUpPageDescription":"Description","SignUpPageFullName":"FullName *","SignUpPagePhoneNumber":"Phone number *","SignUpPagePassword":"Set a log in password *","SignUpPageRe_password":"Re_type password","SignUpPageTnC":"By creating an account you agree to our {tnc} and {policy}","SignUpPageSignUp":"Sign Up","SignUpPagePasswordLimit":"Password should be at least 8 characters","ForgotPasswordForgotPasswordPageTitle":"Forgot Password","ForgotPasswordVerifyDescription":"First, verify that this you","ForgotPasswordEmailAddress":"Email address","ForgotPasswordPhoneNumber":"Phone number *","ForgotPasswordConfirm":"Next","ForgotPasswordNewPassword":"New password *","ForgotPasswordNewRe_password":"Re_type new password","ForgotPasswordResetNow":"Reset Now","ForgotPasswordSwapMobile":"Use mobile number instead","ForgotPasswordSwapEmailAddress":"Use email address instead","ForgotPasswordResetDescription":"You may now reset your password","ForgotPasswordPasswordDismatch":"Password didn't match. Password should be at least 8 characters","SignUpOTPPageTitle":"Enter the 6_digit code","SignUpOTPPageDescription":"sent to {countrycode} {number}","SignUpOTPPageSignUp":"Next","SignUpOTPPageResendOTP":"Didn't receive it?","SignUpOTPPageResendOTPsecond":"Resend OTP In {time}","SignUpActivationCodePageTitle":"Enter your Activation Code","SignUpActivationCodePageDescription":"An Activation Email had been sent to your inbox","ResetSuccessfulInfoTitle":"Reset Sucessful","ResetSuccessfulInfoDescription":"You may Login now.","ResetSuccessfulInfoButtonContent":"OK","ResetUnsuccessfulInfoTitle":"Reset Unsucessful","ResetUnsuccessfulInfoDescription":"Something went wrong, please try again later","ResetUnsuccessfulInfoButtonContent":"OK","ResetLoginInvalidInfoTitle":"Log in invalid","ResetLoginInvalidInfoDescription":"Invalid password or mobile number","ResetLoginInvalidInfoButtonContent":"OK","ResetLogoutInfoTitle":"Are you sure you wish to log out?","ResetLogoutInfoYesButton":"Yes","ResetLogoutInfoCancelButton":"Cancel","SuccessSignUpOrChangePasswordPageTitle":"You are now logged in","SuccessSignUpOrChangePasswordPageDescription":"Welcome and happy browsing","SuccessSignUpOrChangePasswordPageButtonDescription":"Go","ConsultationPageTitle":"Consultation","ConsultationPageBannerButton":"Learn more","ConsultationPageFeatureService":"Feature Service","ConsultationPageGlobalFeatured":"Global Featured","ConsultationPageDiscovery":"Discovery","ConsultationPageDiscoveryWidgetButton":"Read more","ConsultationPageUpcomingEvents":"Upcoming Events","ConsultationPageUpcomingEventsWidgetButton":"Register for FREE now","ConsultationPageConsultationIcon":"Consultation","ConsultationCategoryPageListingAll":"All","ConsultationCategoryPageListingRecommendation":"Recommendation of the Week","MasterProfilePageTitle":"{name}","MasterProfilePageHighlights":"Highlights","MasterProfilePageBookaService":"Book a Service","MasterProfilePageMasterBio":"Read Master's Bio","MasterProfilePageMyEvents":"My Events","MasterProfilePageEnded":"Ended","MasterProfilePageDonate":"Donate","MasterProfilePagePopularServices":"Popular Services","MasterProfilePageFOC":"Free","MasterProfilePageAllService":"See all","MasterProfilePageRatingnReviews":"Rating n Reviews","MasterProfilePageAllRatingnReviews":"See all","RitualnEventsPageMyLive":"My Live","RitualnEventsPagePastEvents":"Past Events","RitualnEventsPageGotoMarketPlace":"Go to MarketPlace","RitualnEventsPageBestSelling":"Best Selling","RitualnEventsPageFreeShipping":"Free Shipping Worldwide","RitualnEventsPageJust_in":"Just_in","RitualnEventsPageCategory":"Category","RitualnEventsPageDiscount":"{percent}% off for first time user","RitualnEventsPageServiceName":"Service {Service Name}","RitualnEventsPageTotalAmount":"Total Amount","RitualnEventsPageMediaTypeVoiceMessages":"Chat with voice messages","RitualnEventsPageMediaTypeLiveVideo_chat":"Live Video_chat","RitualnEventsPageFilltheForm":"Fill the Form","RitualnEventsPageFormDescription":"This services are entitied for more thant one prayer. You may key in multiple names","RitualnEventsPageTypeName":"Type Name","RitualnEventsPageChooseBazi":"Choose Bazi","RitualnEventsPagePrayerFullName":"Prayer's full name","RitualnEventsPageNotification":"You may complete the form later. Proceed to make appointment to book your preferred spot availability before it's gone!","RitualnEventsPageSavenProceed":"Save & Proceed","RitualnEventsPageChoosePrayers":"Choose prayers","RitualnEventsPageSelectAll":"Select All","RitualnEventsPageManageAddress":"Manage Address","RitualnEventsPage":"Complete","MarketPlacePageMarketplace":"MarketPlace","MarketPlacePageFeaturedCategory":"Featured Category","MarketPlacePageSellerType":"Seller Type","MarketPlacePageFromMaster":"From Master","MarketPlacePageFromTemplate":"From Template","ProductPageShipfrom":"Ship from","ProductPageCondition":"Condition","ProductPageAddtoBag":"Add to Bag","ProductPageProductInfo":"Product Info","ProductPageChooseVariant":"Choose Variant","ProductPageShipping":"Shipping _ {State},{Locale},{PostCode}","ProductPageShippingFee":"Standard delivery, 7-19 days","ProductPageShippingFeeFree":"FREE","ProductPageMingLiCareInsurance":"MingLiCare Insurance","ProductPageMingLiCareInsuranceEmpty":"Not available","ProductPageNon_returnable":"Non_returnable,non_refundable,no warranty","ProductPageSpecification":"Specification","ProductPageSpecificationEmpty":"Not available","ProductPageSeller":"Seller","ProductPageRatingnReview":"Rating & Review","ProductPageRatingnReviewEmpty":"No Rating","ProductPageWriteReview":"Write a review","ProductPageVirtualRitual":"Virtual Ritual . Donation","ProductPageComplimentaryItems":"Complimentary Items","ProductPageYourSimilarSerach":"Your similar search","ProductPageChooseColor":"Choose Color","ProductPageChooseTypeofLocket":"Choose type of locket","ProductPageTitleofSpecification":"Title of specification","ProductPageWarrantyType":"Warranty Type","ProductPageEnterPostCode":"Enter your area postcode","ProductPageItemLocation":"Item Location","ProductPageShipsto":"Ships to","ProductPageTaxes":"Taxes","ShoppingBagPageShoppingBagPage":"Shopping Bag","ShoppingBagPageTotalItems01":"Total items ","ShoppingBagPageTotalItems02":"","ShoppingBagPageProductItem":"Product Item","ShoppingBagPageApplied01":"Voucher applied","ShoppingBagPageApplied02":"","ShoppingBagPageItemSaved":"items saved","ShoppingBagPageCheckoutAllItems":"Checkout all items","ShoppingBagPageFreeShipping":"Select Free Shipping voucher below to enjoy shipping discount","ShoppingBagPageEarnPoints":"Earn {point} Points","ShoppingBagPageUseVoucherorEnterCode":"Use voucher or Enter Code","ShoppingBagPageDeleteitems":"Delete {item.count} items?","ShoppingBagPageDeleteButton":"Yes, delete","ShoppingDiscount":"Discount","VoucherInfoNotApplicable":"Not Applicable","VoucherInfoDiscount":"22% Off Master Liew's Item","VoucherInfoPoints":"Earn {point} points","VoucherInfoApplicable":"Applicable","VoucherInfoMinPurc":"Minimum purhcase {Currency}{Amount}","VoucherInfoCode":"{DiscountCode}","VoucherInfoValidDescription":"Voucher code is valid","VouhcerInfoFreeShipping":"Free Shipping on item {itemname}","CheckoutPageShipTo":"Ship to:","CheckoutPageChangeaddress":"Change address","CheckoutPageInfo":"Billing address same with shipping address","CheckoutPageEditAddress":"Edit Address","CheckoutPageItem":"{item.count} items","CheckoutPageTotalPayment":"Total payment {Amount}","CheckoutPagePay":"Pay Now","PurchasePackageShoppingBagPageTitle":"Fill in the Form","PurchasePackageShoppingBagPageDescription":"You may also register for your love ones","PurchasePackageShoppingBagPageWishfor":"Wish for...","PurchasePackageShoppingBagPageWishList":"What do you want to wish for?(optional)","PurchasePackageShoppingBagPageNoshipping":"No shipping needed","PaymentPageChoosePaymentMethod":"Choose Payment Method","PaymentPageCardMethod":"Credit / Debit Card","PaymentPageFPX":"Online Banking FPX","PaymentPageStripe":"Stripe","PaymentPageLinePay":"Line Pay","PaymentPageCardHolderName":"Card holder name","PaymentPageCardNumber":"Card number","PaymentPageCardExpirydate":"Expiry date mm/yy","PaymentPageSaveCard":"Save this card to \"My Payment Method\"","PaymentPageCardDescription":"By selecting this, your card details will be save for future payments","PaymentPageProceedToPay":"Proceed to Pay","PaymentPagePaymentisSuccessful":"Payment is successful","PaymentPageOfficialReceipt":"Official Receipt","PaymentPageOrderID":"Order ID","PaymentPagePlaceon":"Place on","PaymentPagePaidon":"Paid on","PaymentPageShippingAddress":"Shipping address","PaymentPageBillingAddress":"Billing address","PaymentPageOrderSummary":"Order Summary","PaymentPagePaidBy":"Paid by","PaymentPagePaymenMethod":"{Payment Method}","PaymentPagePaymentisNotSuccessful":"Payment not successful","MyOrdersPage":"My Orders","MyOrdersPagePaidnUnpaid":"Order no {OrderNumber}, {Date Time}","MyOrdersPageAwaitingCollection":"Awaiting Collection","MyOrdersPageMakePayment":"Make Payment","MyOrdersPageTotal":"Total:{Amount}","MyOrdersPagePaymentUnsuccessful":"Payment unsuccessful","OrderSummaryPageTrackPackage":"Track Package","OrderSummaryPageTrackmyPackage":"Track my package","OrderSummaryPageEstimateDeliveryDate":"Estimated delivery date {start}_{end}","OrderSummaryPagesTrackingLink":"Here's the tracking link:","OrderSummaryPagesItemIsReady":"Item is ready","OrderSummaryPagesCollectNow":"You may collect now","OrderSummaryPages":"Collect from {date} onwards","OrderSummaryPagesCollectItem":"Collect Item","OrderSummaryPagesSelfCollectAt":"Self collect at:","OrderSummaryPagesCollectionPeriod":"Collection period","OrderSummaryPagesOpentime":"Open","OrderSummaryPagesClosetime":"Close","ContactHelpPagesTitle":"We're here to help","ContactHelpPagesDescription":"Write to us!","ContactHelpPages":"Write us your message here...","ContactHelpPagesButton":"Submit","ContactHelpInfoTitle":"Sent","ContactHelpInfoDescription":"Thank you for helping us do better. We will reply to your email as soon as we could","ReviewAppPagesTitle":"Enjoying our APP?","ReviewAppPagesDescription":"Tell us how much you love about the app? ","ReviewAppPagesRateUs":"Rate Us","ReviewAppPagesMessage":"Your message here... (optional)","ReviewOrderPageToReview":"To Review","ReviewOrderPageDelivered":"Delivered","ReviewOrderPageCompleted":"Completed","ReviewOrderInfoTitle":"Thank you!","ReviewOrderInfoDescription":"Truly appreciate your time. Here's a 16% off for your next booking/purchase.","ProfilePage":"ME","ProfilePageAlert":"We ask everyone for a few details before booking a service or host and event, for better experience","ProfilePageLocation":"Where are you at?","ProfilePageActivities":"Activities","ProfilePageMyOrders":"My Orders","ProfilePageTransactionHistory":"Transaction History","ProfilePageAppointments":"Appointments","ProfilePageMyBazi":"My Bazi","ProfilePageTitle":"Your Profile","ProfilePageDescriptions":"Start your journey with MingLi360 for faster booking, live streaming promotions and more!","ProfilePageButton":"Log Me In","ProfilePageCreateAccount":"Create an account","ProfilePageCreateAccountDescription":"Start your journey with MingLi360 for faster booking, live streaming promotions and more!","ProfilePageContinuewithMobileNo":"Continue with Mobile No.","ProfilePageContinuewithEmail":"Continue with Email","ProfilePageIwishtoLogin":"I wish to Log in","ProfilePageMyLive":"My Live","AddShippingPageTitle":"Create new shipping address","AddShippingPageAddress":"Address's name (home/office/etc)","AddShippingPageReceiver":"Receiver's name","AddShippingPageLocation":"Apartment/Company/Shop Name (optional)","AddShippingPageAddress1":"Address(Line 1)","AddShippingPageAddress2":"Address(Line 2)","AddShippingPagePostcode":"Postcode","AddShippingPageCity":"City/Town","AddShippingPageState":"State","AddShippingPageCountry":"Country","CompleteProfileStep1Page":"Complete Profile","CompleteProfileStep1PageTitle1":"What's left","CompleteProfileStep1PageDescription1":"Describe yourself","CompleteProfileStep1PageDescription2":"Add shipping details","CompleteProfileStep1PageDescription3":"Add payment method","CompleteProfileStep1PageTitle2":"Already completed","CompleteProfileStep1PageSignUp":"Sign Up","CompleteProfileStep2PageTitle":"I'm interested in..","CompleteProfileStep2PageDescription":"Help us know more about you","CompleteProfileStep2PageCategoryName":"Category Name","CompleteProfileStep2PageButton":"Choose at least three interest to proceed","CompleteProfileStep3PageTitle":"Now, complete your basic info","CompleteProfileStep3PageDescription":"* these field are mandatory","CompleteProfileStep3Gender":"Share us your gender type","CompleteProfileStep3ProfilePicture":"Lastly, a profile pciture","AddAddressPageNoAddressTitle":"Uh-oh seems like you haven't have any address yet","AddAddressPageMyAddresses":"My Addresses","CreateNewShippingAddressPage":"Create new billing address","BillingAddressPage":"Choose your preferred billing address","BillingAddressPageManage":"Manage My Address","OfficialReceiptPage":"Your payment has not been change","MySavedPage":"Opps... it's empty here","MySavedPageBrowseButton":"Browse Now","MySavedPageChooseVarientButton":"Choose Varient","MySavedPageRegisteredButton":"Registered","LivePageViewers":"{cnt} {cnt>1?:\"viewers\":\"viewer\"}","LivePageEnterMessage":"Say Something","LivePageSeePackageButton":"See Package","LivePageExitBroadcastButton":"Exit Broadcast","LivePageEndVideo":"End Video","LivePageAbout":"About the Blessing","LivePageCreateLink":"Create link","LivePageSharedAlbum":"Shared album","LivePageDirect":"Direct","LivePageViewBlessingPackages":"View Blessing Packages","LiveInfoEnded":"Live session has ended","LiveInfoThankyou":"Thank you for watching","AddProductInfoPageChooseColor":"Choose color","AddProductInfoPageChooseTypeofLocket":"Choose type of locket","NotificationUndo":"Undo","NotificationItemDeleted":"Item deleted","NotificationAddedtoBag":"Added to Bag","CommonSendButton":"Send","CommonAddtoBag":"Add to Bag","CommonBag":"Bag","CommonEvents":"Events","CommonBlessingnEvents":"Blessing / Events","CommonTravel":"Travel","CommonItems":"Items","CommonDonation":"Donation","CommonComplete":"Complete","CommonEdit":"Edit","CommonDefault":"Default","CommonDateofBirth":"Date of Birth(dd/mm/yy)","CommonTimeofBirth":"Time of Birth","CommonDone":"Done","CommonMyBazi":"My Bazi","CommonSave":"Save","CommonAllAbove":"All above","CommonSeeDetails":"See details","CommonAll":"All","CommonSeeAll":"See all","CommonShop":"Shop","CommonServices":"Services","CommonTrending":"Trending","CommonCategory":"Category","CommonPriceRange":"Price range","CommonReset":"Reset","CommonApply":"Apply","CommonReadMore":"Read more","CommonHere":"Here","CommonLearnMore":"Learn more","CommonSize":"Size","CommonColor":"Color","CommonType":"Type","CommonShippingFee":"Shipping Fee","CommonDiscount":"Discount","CommonCheckout":"Checkout","CommonSubtotal":"Subtotal","CommonNext":"Next","CommonPayNow":"Pay Now","CommonTotal":"Total","CommonGetHelp":"Get Help","CommonSubmit":"Submit","CommonEmailAddress":"Email address","LoginPhoneNumber":"Phone number *","CommonPassword":"Set a log in password *","CommonRe_password":"Re-type password","CommonCountryCode":"Country code *","CommonFullName":"Full name","CommonMyOrders":"My Orders","CommonTransactionHistory":"Transaction History","CommonAppointments":"Appointments","CommonAddress":"Address","CommonPaymentsandPayouts":"Payments and payouts","CommonInbox":"Inbox","CommonMySaved":"My Saved","CommonPersonalInformation":"Personal Information","CommonAccountSettings":"Account Settings","CommonLive":"Live","CommonShare":"Share","CommonConfirmation":"Confirmation","CommonCancel":"Cancel","ChangeLanguage":"Change Language","EmptyBag":"Your bag is empty","EmptyInbox":"Your inbox is empty","AddToBagSuccessMsg01":"Added","AddToBagSuccessMsg02":"item(s) to cart","AddToBagFailMsg":"Error! Must choose a variant","EmptyVariantMsg":"No available variant","ShippingInformation":"Shipping Information","CommonFirstName":"First Name","CommonLastName":"Last Name","CommonPhoneNumber":"Phone Number","CommonCityName":"City Name","CommonZipCode":"Zip Code","CommonContinue":"Continue","CheckoutPaySuccess":"Your payment is succesfull. An order is created","CheckoutPayFail":"Your payment is failed","CommonOk":"Ok","CommonBack":"Back","CommonShipping":"Shipping","CommonPayment":"Pay","CommonQuantity":"Quantity","CommonPaymentStatus":"Payment Status","CommonLogout":"Log Out","CommonSearch":"Search","SearchFor":"Search for..","OrderUnpaid":"Unpaid","OrderProcessing":"Processing","OrderCompleted":"Completed","MLTVIntro":"Fascinating programs featuring cultural & intriguing episodes","EventListingLiveDescription":"Devotion made easy. Virtually particpate in ritual & festives.","EventListingUpcomingDescription":"Devotion made easy. Virtually particpate in ritual & festives.","EventListingPastDescription":"Devotion made easy. Virtually particpate in ritual & festives.","CommonAccount":"Account","AboutMingLi360":"About MingLi360","TermsAndCondition":"Terms and condition","Default":"Default","PreferredLanguage":"Your preferred \\nlanguage","CommonAccountInformation":"Account Information","TrendingItems":"Trending Items","HappeningNow":"Happening Now"}